taxon1,taxon2,Spearman Correlation,Bray Curtis Dissimilarity,pvalue Spearman,pvalue Bray Curtis,adjusted pvalue Spearman,adjusted pvalue Bray Curtis
166,266,0.7103136311133658,0.23707429800065422
223,314,0.7816912928969219,0.25854566882853014
235,280,0.7103136311133657,0.2848647742795307
237,238,0.8944365125186106,0.04689911304290128
313,459,0.7103136311133658,0.19377634298326207
492,707,0.7103136311133658,0.29288553652199356
