,Fold1,Fold2,Fold3,Fold4,Fold5,Mean
T2,0.47191011235955055,0.45977011494252873,0.4583333333333333,0.5,0.4782608695652174,0.47365488604012596
Q,0.5063291139240507,0.4444444444444444,0.4631578947368421,0.5,0.5365853658536586,0.49010336379179914
Combined,0.4,0.37037037037037035,0.3793103448275862,0.42592592592592593,0.4074074074074074,0.396602809706258
