,Fold1,Fold2,Fold3,Fold4,Fold5,Mean
T2,0.41818181818181815,0.42592592592592593,0.41739130434782606,0.4423076923076923,0.42718446601941745,0.42619824135653595
Q,0.5111111111111111,0.45544554455445546,0.46464646464646464,0.43564356435643564,0.5432098765432098,0.48201131224233523
Combined,0.3511450381679389,0.34328358208955223,0.35294117647058826,0.36220472440944884,0.3709677419354839,0.35610845261460244
