,Fold1,Fold2,Fold3,Fold4,Fold5,Mean
T2,0.4772727272727273,0.47619047619047616,0.43564356435643564,0.5227272727272727,0.4782608695652174,0.4780189820224258
Q,0.45977011494252873,0.4634146341463415,0.41237113402061853,0.5238095238095238,0.55,0.48187308138380247
Combined,0.3853211009174312,0.37735849056603776,0.3548387096774194,0.4339622641509434,0.41904761904761906,0.39410563687189015
