,Fold1,Fold2,Fold3,Fold4,Fold5,Mean
T2,0.7007299270072993,0.6336633663366337,0.6578073089700996,0.6689895470383276,0.5958904109589042,0.6514161120622528
Q,0.24060150375939848,0.2589928057553957,0.2,0.22727272727272727,0.22727272727272727,0.23082795281204974
Combined,0.698961937716263,0.6285714285714286,0.65,0.6622950819672131,0.6045016077170418,0.6488660111943894
