,Fold1,Fold2,Fold3,Fold4,Fold5,Mean
T2,0.7045454545454546,0.6289752650176679,0.6599326599326599,0.6642066420664207,0.6081081081081081,0.6531536259340622
Q,0.291970802919708,0.2608695652173913,0.323943661971831,0.30434782608695654,0.3262411347517731,0.301474598189532
Combined,0.6783216783216783,0.6178343949044586,0.6477987421383647,0.6644295302013423,0.6075949367088608,0.643195856454941
