,Fold1,Fold2,Fold3,Fold4,Fold5,Mean
T2,0.616504854368932,0.6074766355140186,0.6881188118811881,0.6381909547738693,0.6492890995260664,0.6399160712128149
Q,0.22,0.011428571428571429,0.14814814814814814,0.1256544502617801,0.1595744680851064,0.1329611275847212
Combined,0.6266666666666667,0.6073752711496746,0.6790697674418604,0.6182669789227166,0.6351351351351351,0.6333027638632107
