,Fold1,Fold2,Fold3,Fold4,Fold5,Mean
T2,0.34074074074074073,0.32575757575757575,0.3148936170212766,0.41471571906354515,0.4057971014492754,0.3603809508064827
Q,0.5431578947368421,0.5022026431718062,0.5515873015873016,0.472636815920398,0.5183585313174947,0.5175886373467685
Combined,0.5071225071225072,0.4133738601823708,0.5013333333333333,0.4528301886792453,0.49002849002849,0.4729376758691893
