,Fold1,Fold2,Fold3,Fold4,Fold5,Mean
T2,0.42424242424242425,0.41847826086956524,0.4200626959247649,0.45454545454545453,0.3655913978494624,0.4165840466863343
Q,0.10416666666666667,0.16346153846153846,0.3986013986013986,0.4148606811145511,0.348993288590604,0.2860167146869518
Combined,0.5389473684210526,0.4690831556503198,0.5352112676056338,0.4894117647058824,0.48132780082987553,0.5027962714425528
