,Fold1,Fold2,Fold3,Fold4,Fold5,Mean
T2,0.4122137404580153,0.3106060606060606,0.3805970149253731,0.43243243243243246,0.3973509933774834,0.386640048359873
Q,0.5511811023622047,0.5485961123110151,0.5877192982456141,0.454320987654321,0.5278969957081545,0.5339428992562618
Combined,0.4718498659517426,0.4953560371517028,0.4759036144578313,0.46321525885558584,0.47761194029850745,0.476787343343074
