,Fold1,Fold2,Fold3,Fold4,Fold5,Mean
T2,0.25806451612903225,0.12903225806451613,0.22727272727272727,0.15384615384615385,0.2222222222222222,0.19808757550693035
Q,0.09774436090225563,0.10989010989010989,0.1,0.09523809523809523,0.08,0.09657451320609214
Combined,0.057971014492753624,0.15517241379310345,0.12121212121212122,0.058823529411764705,0.06896551724137931,0.09242891923022448
