,Fold1,Fold2,Fold3,Fold4,Fold5,Mean
T2,0.0,0.09302325581395349,0.0,0.0,0.06976744186046512,0.03255813953488372
Q,0.12459016393442623,0.11275964391691394,0.12804878048780488,0.1165644171779141,0.11038961038961038,0.11847052318133391
Combined,0.0784313725490196,0.11940298507462686,0.13513513513513514,0.16666666666666666,0.12173913043478261,0.12427505797204616
