,Fold1,Fold2,Fold3,Fold4,Fold5,Mean
T2,0.24390243902439024,0.14285714285714285,0.20833333333333334,0.06896551724137931,0.20833333333333334,0.17447835315791582
Q,0.10810810810810811,0.11194029850746269,0.1033210332103321,0.09352517985611511,0.09454545454545454,0.1022880148454945
Combined,0.07017543859649122,0.12048192771084337,0.17647058823529413,0.06451612903225806,0.06779661016949153,0.09988813874887566
