,Fold1,Fold2,Fold3,Fold4,Fold5,Mean
T2,0.45528455284552843,0.40816326530612246,0.4,0.5272727272727272,0.36666666666666664,0.431477442418209
Q,0.33613445378151263,0.3007518796992481,0.36036036036036034,0.34782608695652173,0.3482142857142857,0.33865741330238575
Combined,0.4051724137931034,0.40160642570281124,0.3891402714932127,0.4827586206896552,0.3783783783783784,0.4114112220114322
