,Fold1,Fold2,Fold3,Fold4,Fold5,Mean
T2,0.3316582914572864,0.4090909090909091,0.4840764331210191,0.4327485380116959,0.4457831325301205,0.4206714608422061
Q,0.35294117647058826,0.4,0.38497652582159625,0.40930232558139534,0.3850267379679144,0.3864493531682988
Combined,0.3462897526501767,0.436241610738255,0.39072847682119205,0.3776223776223776,0.41830065359477125,0.39383657428535457
