,Fold1,Fold2,Fold3,Fold4,Fold5,Mean
T2,0.36496350364963503,0.35036496350364965,0.34074074074074073,0.5396825396825397,0.3851851851851852,0.3961873865523501
Q,0.34065934065934067,0.4177215189873418,0.42727272727272725,0.31044776119402984,0.35874439461883406,0.37096914854645474
Combined,0.3842364532019704,0.4015748031496063,0.4155844155844156,0.40425531914893614,0.42201834862385323,0.4055338679417564
