,Fold1,Fold2,Fold3,Fold4,Fold5,Mean
T2,0.49624060150375937,0.4868421052631579,0.4186046511627907,0.5294117647058824,0.4840764331210191,0.48303511115132186
Q,0.48598130841121495,0.4716981132075472,0.45544554455445546,0.5233644859813084,0.4444444444444444,0.476186779319794
Combined,0.4971751412429379,0.4387755102040816,0.4251207729468599,0.44329896907216493,0.47959183673469385,0.4567924460401477
