,Fold1,Fold2,Fold3,Fold4,Fold5,Mean
T2,0.5135135135135135,0.48554913294797686,0.49142857142857144,0.47674418604651164,0.5063291139240507,0.49471290357212483
Q,0.5054945054945055,0.4888888888888889,0.4367816091954023,0.47058823529411764,0.44,0.4683506477745829
Combined,0.4745762711864407,0.4467005076142132,0.43478260869565216,0.42424242424242425,0.4919786096256685,0.45445608427287976
