,Fold1,Fold2,Fold3,Fold4,Fold5,Mean
T2,0.4387755102040816,0.4228571428571429,0.4755244755244755,0.3894736842105263,0.42696629213483145,0.43071942098621163
Q,0.4576271186440678,0.4166666666666667,0.4897959183673469,0.411214953271028,0.49504950495049505,0.4540708323799209
Combined,0.4266666666666667,0.4221105527638191,0.40404040404040403,0.3508771929824561,0.41,0.40273896329066916
