,specie,mean,std
0,Slackia_isoflavoniconvertens,-13.389343869572286,5.8336511878838095
1,Lawsonibacter_asaccharolyticus,-8.858380993912153,6.398567243558397
2,Streptococcus_anginosus_group,-14.744585678829617,4.4133807269231085
3,Collinsella_stercoris,-10.893189619538697,5.517046519665497
4,Eisenbergiella_tayi,-13.828419445982016,5.120540560850809
5,Collinsella_aerofaciens,-3.925909959109562,6.667091424302081
6,Streptococcus_parasanguinis,-8.806159773467613,6.56903565085323
7,Ruthenibacterium_lactatiformans,-5.03135189296692,5.498003917932967
