,Fold1,Fold2,Fold3,Fold4,Fold5,Mean
T2,0.2178517397881997,0.1266233766233766,0.22324159021406728,0.3162393162393162,0.2473919523099851,0.22626959503498897
Q,0.7776141384388807,0.7562776957163959,0.7635574837310195,0.77046783625731,0.7355623100303952,0.7606958928348003
Combined,0.48426150121065376,0.5194508009153318,0.3544973544973545,0.4431279620853081,0.5419354838709678,0.46865462051592316
