,specie,mean,std
0,Eubacterium_hallii,-4.561777564563794,6.545091445774775
1,Lachnospira_pectinoschiza,-8.545730088769622,8.340014397517894
2,Prevotella_buccae,-16.233381644089505,2.2394805532763185
3,Bacteroides_coprocola,-13.226154044348188,6.626584905900675
4,Lactobacillus_salivarius,-14.979765291363584,4.555540422015164
5,Bacteroides_plebeius,-10.425045957801565,8.161053835221704
6,Anaerostipes_hadrus,-3.1445954814893353,6.607077461788652
7,Veillonella_parvula,-9.57591709338713,7.036623851033247
