,Fold1,Fold2,Fold3,Fold4,Fold5,Mean
T2,0.7857142857142857,0.8627450980392157,0.7586206896551724,0.7586206896551724,0.8,0.7931401526127692
Q,0.75,0.875,0.8,0.7450980392156863,0.8235294117647058,0.7987254901960783
Combined,0.7666666666666667,0.8301886792452831,0.6875,0.7301587301587301,0.7586206896551724,0.7546269531451705
