,Fold1,Fold2,Fold3,Fold4,Fold5,Mean
T2,0.27586206896551724,0.42857142857142855,0.2962962962962963,0.42857142857142855,0.48484848484848486,0.3828299414506311
Q,0.3076923076923077,0.47619047619047616,0.3783783783783784,0.5507246376811594,0.5454545454545454,0.45168806907937337
Combined,0.2909090909090909,0.5357142857142857,0.5084745762711864,0.5625,0.5757575757575758,0.4946711057304277
