,Fold1,Fold2,Fold3,Fold4,Fold5,Mean
T2,0.25806451612903225,0.3836477987421384,0.3825503355704698,0.42592592592592593,0.4094955489614243,0.3719368250657981
Q,0.497907949790795,0.3674698795180723,0.44976076555023925,0.22317596566523606,0.34146341463414637,0.37595559503169784
Combined,0.4811320754716981,0.48598130841121495,0.48677248677248675,0.5158371040723982,0.49888641425389757,0.49372187779633914
