Source,Target,Correlation,Dissimilarity
76,82,0.7762120541479616,0.29644224849022327
81,226,0.7971490989011796,0.21134198718921618
89,141,0.8351085798012357,0.09070410014650258
155,183,0.7229988054812213,0.2941670006527719
175,220,0.7229988054812213,0.2601706906803035
234,269,0.7229988054812213,0.16713741103963886
242,243,1.0,0.0928362286091399
