Source,Target,Correlation,Dissimilarity
234,255,0.8144961992541256,0.29767867723982344
234,269,0.7070982857276132,0.1765912666611325
237,238,0.988935971511666,0.04766521440919647
458,709,0.7088293337540736,0.07961782985161661
485,768,0.7088293337540736,0.13856225077379955
494,495,0.7088293337540736,0.26555061634982186
