Source,Target,Correlation,Dissimilarity
237,238,0.9382884059661276,0.09921802456990958
425,1136,0.7090361347894467,0.0273344072279841
479,753,0.7090361347894467,0.16902200548612248
587,785,0.7090361347894467,0.2574341546304164
596,748,0.7090361347894467,0.07677814413565705
596,802,0.7090361347894467,0.24816983894582734
596,973,0.7090361347894467,0.16436126932465425
642,1026,0.7090361347894467,0.274151521246131
673,807,0.818728436664076,0.24150518714794297
