{"t2": 32.670573340917315, "c": 19.48639187407066, "combined": 1.216262632216442}