,Fold1,Fold2,Fold3,Fold4,Fold5,Mean
T2,0.5304347826086957,0.5335195530726257,0.5270655270655271,0.5029585798816568,0.5255681818181818,0.5239093248893374
Q,0.6862967157417894,0.49557522123893805,0.49926578560939794,0.6360338573155986,0.4868804664723032,0.5608104092756053
Combined,0.6618004866180048,0.6318347509113001,0.6020151133501259,0.6602641056422569,0.61,0.6331828913043375
