{"t2": 87.10807219532191, "c": 138.41254773942188, "combined": 1.0701273633191843}