	Fold1	Fold2	Fold3	Fold4	Fold5	Mean
F1	0.765527950310559	0.7603686635944701	0.7874251497005988	0.7686335403726708	0.7770219198790628	0.7717954447714723
