	Fold1	Fold2	Fold3	Fold4	Fold5	Mean
F1	0.7602792862684251	0.7658276125095347	0.7867370007535796	0.7663551401869159	0.7781983345950038	0.7714794748626919
