	Fold1	Fold2	Fold3	Fold4	Fold5	Mean
F1	0.45390070921985815	0.421875	0.4444444444444444	0.4580152671755725	0.42748091603053434	0.4411432673740818
