	Fold1	Fold2	Fold3	Fold4	Fold5	Mean
F1	0.4316546762589928	0.4892086330935252	0.42962962962962964	0.49635036496350365	0.4098360655737705	0.45133587390388435
