	Fold1	Fold2	Fold3	Fold4	Fold5	Mean
F1	0.603448275862069	0.5283018867924528	0.5565217391304348	0.42990654205607476	0.603448275862069	0.5443253439406199
