	Fold1	Fold2	Fold3	Fold4	Fold5	Mean
F1	0.5818181818181818	0.5321100917431193	0.584070796460177	0.44036697247706424	0.6153846153846154	0.5507501315766316
