	Fold1	Fold2	Fold3	Fold4	Fold5	Mean
F1	0.8936170212765957	0.8444444444444444	0.9166666666666666	0.8085106382978723	0.84	0.8606477541371158
