	Fold1	Fold2	Fold3	Fold4	Fold5	Mean
F1	0.8936170212765957	0.8	0.9387755102040817	0.8085106382978723	0.8235294117647058	0.8528865163086511
