	Fold1	Fold2	Fold3	Fold4	Fold5	Mean
F1	0.782608695652174	0.7727272727272727	0.875	0.8679245283018868	0.7450980392156863	0.808671707179404
