	Fold1	Fold2	Fold3	Fold4	Fold5	Mean
F1	0.9	0.6875	0.7777777777777778	0.8717948717948718	0.6976744186046512	0.7869494136354601
