	Fold1	Fold2	Fold3	Fold4	Fold5	Mean
F1	0.8947368421052632	0.7272727272727273	0.7777777777777778	0.8717948717948718	0.7272727272727273	0.7997709892446734
