	Fold1	Fold2	Fold3	Fold4	Fold5	Mean
F1	0.46099290780141844	0.43389830508474575	0.48175182481751827	0.5069444444444444	0.5324232081911263	0.4832021380678507
