	Fold1	Fold2	Fold3	Fold4	Fold5	Mean
F1	0.47183098591549294	0.4329896907216495	0.4835164835164835	0.5	0.5259515570934256	0.4828577434494103
