	Fold1	Fold2	Fold3	Fold4	Fold5	Mean
F1	0.48412698412698413	0.4588744588744589	0.49056603773584906	0.5220588235294118	0.5037593984962406	0.4918771405525889
