	Fold1	Fold2	Fold3	Fold4	Fold5	Mean
F1	0.48412698412698413	0.48132780082987553	0.5	0.5342960288808665	0.5019305019305019	0.5003362631536457
