{"t2": 80.23209784876272, "c": 155.61522173785715, "combined": 1.0598904932290014}