{"t2": 22.362032494826934, "c": 7.4084034438232695, "combined": 1.380331550347333}