{"t2": 40.113272069413625, "c": 19.282550951462063, "combined": 1.2560286128087543}