{"t2": 36.41502850180731, "c": 4111.538552958532, "combined": 1.0055184637981607}