,specie,mean,std
0,Slackia_isoflavoniconvertens,-13.405655179281734,5.823289124658709
1,Lawsonibacter_asaccharolyticus,-8.840395939668952,6.428332448905945
2,Alistipes_inops,-13.722187567391845,6.057841378413436
3,Gordonibacter_pamelaeae,-9.786683867511378,5.913552161141746
4,Collinsella_stercoris,-10.965415992527605,5.5022011117062615
5,Eisenbergiella_tayi,-13.940718703927086,5.010306095127045
6,Collinsella_aerofaciens,-3.8522632801532817,6.61837850326588
7,Anaeromassilibacillus_sp_An250,-13.39865328698284,5.331989061435507
8,Ruthenibacterium_lactatiformans,-4.995993264719767,5.419537683789122
