,specie,mean,std
0,Bacteroides_xylanisolvens,-5.856193701793758,6.899723297800699
1,Collinsella_massiliensis,-14.315731717189713,4.271173757552984
2,Megamonas_hypermegale,-14.284379253615826,5.439902016773758
3,Alistipes_putredinis,-4.147107403182824,7.978539248208776
4,Butyricimonas_virosa,-8.610434701014453,7.080023189617368
5,Sutterella_parvirubra,-13.402721126041552,5.518021765746239
