,specie,mean,std
0,Alistipes_indistinctus,-10.545966577327338,6.773954136032457
1,Collinsella_massiliensis,-14.464668265013557,4.102687583700127
2,Alistipes_putredinis,-4.200050407271189,7.914960038162595
3,Megasphaera_elsdenii,-14.998582838129217,4.66998985808231
4,Eubacterium_sp_CAG_180,-11.005893596573468,7.909909355222121
5,Butyricimonas_virosa,-8.67680033228597,7.0843607826528325
6,Sutterella_parvirubra,-13.561738903110903,5.456506779490016
