,specie,mean,std
0,Bacteroides_xylanisolvens,-5.644434198736511,6.919344080527252
1,Alistipes_indistinctus,-10.6103714449965,6.825557212642782
2,Collinsella_massiliensis,-14.276054918403059,4.310279308142979
3,Alistipes_putredinis,-4.597732999481281,8.059946697183735
4,Roseburia_faecis,-4.29614546755251,7.52706020741053
5,Eubacterium_sp_CAG_180,-10.913457519796186,7.887775513839388
6,Butyricimonas_virosa,-8.898437568126411,7.0551338665906735
7,Firmicutes_bacterium_CAG_83,-6.514972064205848,7.162222543859414
8,Sutterella_parvirubra,-13.655337348336248,5.277430398127777
