,specie,mean,std
0,Collinsella_massiliensis,-14.406564045134358,4.152552939930793
1,Alistipes_putredinis,-4.230394641303776,7.88684054860177
2,Megasphaera_elsdenii,-14.948170096167594,4.756878907683024
3,Butyricimonas_virosa,-8.454819773178718,7.019846456448902
4,Sutterella_parvirubra,-13.367962620265114,5.517880318514252
