,specie,mean,std
0,Bacteroides_xylanisolvens,-5.699473389057262,6.868644744332132
1,Alistipes_indistinctus,-10.741950312030486,6.768526726444508
2,Clostridium_citroniae,-11.337590539349069,6.029851266247316
3,Collinsella_massiliensis,-14.500176309827223,4.1736217012913315
4,Alistipes_putredinis,-4.278679615782664,7.9873580685743155
5,Eubacterium_sp_CAG_180,-10.884493899929408,7.875784392793599
6,Butyricimonas_virosa,-8.560721274943125,6.995563437522992
7,Sutterella_parvirubra,-13.319385470567985,5.526216598716948
