,Fold1,Fold2,Fold3,Fold4,Fold5,Mean
T2,0.022222222222222223,0.12,0.08421052631578947,0.125,0.25925925925925924,0.12213840155945418
Q,0.5226480836236934,0.4939759036144578,0.5098039215686274,0.5,0.5060975609756098,0.5065050939564777
Combined,0.35135135135135137,0.368,0.25225225225225223,0.2222222222222222,0.24817518248175183,0.28840020166151553
