,Fold1,Fold2,Fold3,Fold4,Fold5,Mean
T2,0.3486238532110092,0.4166666666666667,0.375,0.3958333333333333,0.40816326530612246,0.3888574237034263
Q,0.45977011494252873,0.484375,0.49193548387096775,0.5042735042735043,0.4519230769230769,0.47845543600201557
Combined,0.41830065359477125,0.39316239316239315,0.43529411764705883,0.5240641711229946,0.379746835443038,0.43011363419405113
