,Fold1,Fold2,Fold3,Fold4,Fold5,Mean
T2,0.5656565656565656,0.5873015873015873,0.6025316455696202,0.5974025974025974,0.5989583333333334,0.5903701458527408
Q,0.0,0.03680981595092025,0.0,0.012738853503184714,0.012658227848101266,0.012441379460441247
Combined,0.583732057416268,0.5975308641975309,0.6172248803827751,0.5893719806763285,0.6146341463414634,0.6004987858028732
