{"t2": 33.92443847144381, "c": 25.551982950552933, "combined": 1.1643715838075228}